Region,Comuna,Total,Validos,Apruebo,Rechazo,Nulo,Blanco,Validos_per,Apruebo_per,Rechazo_per,Nulo_per,Blanco_per
VALPARAÍSO,ALGARROBO,7086,7050,4932,2118,23,13,0.99491956,69.95744681,30.04255319,0.324583686,0.183460344
METROPOLITANA DE SANTIAGO,ALHUE,2640,2632,2323,309,7,1,0.996969697,88.25987842,11.74012158,0.265151515,0.037878788
BIOBÍO,ALTO BIOBIO,1805,1693,1269,424,69,43,0.937950139,74.95569994,25.04430006,3.822714681,2.382271468
ATACAMA,ALTO DEL CARMEN,1817,1800,1559,241,9,8,0.990643919,86.61111111,13.38888889,0.495321959,0.440286186
TARAPACÁ,ALTO HOSPICIO,26129,25981,21373,4608,102,46,0.994335795,82.26396213,17.73603787,0.390370852,0.1760496
LOS LAGOS,ANCUD,14360,14259,11694,2565,70,31,0.992966574,82.01136125,17.98863875,0.487465181,0.215877437
COQUIMBO,ANDACOLLO,6071,6032,5450,582,26,13,0.993576017,90.35145889,9.648541114,0.428265525,0.214132762
LA ARAUCANÍA,ANGOL,19538,19366,12017,7349,111,61,0.991196642,62.05204998,37.94795002,0.568123656,0.312212099
MAGALLANES Y ANTÁRTICA CHILENA,ANTARTICA,31,31,10,21,0,0,1,32.25806452,67.74193548,0,0
ANTOFAGASTA,ANTOFAGASTA,144073,143514,119982,23532,430,129,0.996120022,83.60299344,16.39700656,0.298459809,0.089537943
BIOBÍO,ANTUCO,1793,1772,1341,431,17,4,0.988287786,75.6772009,24.3227991,0.948131623,0.223089794
BIOBÍO,ARAUCO,14467,14363,10377,3986,60,44,0.992811226,72.24813758,27.75186242,0.414736988,0.304140458
ARICA Y PARINACOTA,ARICA,84201,83578,63906,19672,453,170,0.992601038,76.4627055,23.5372945,0.537998361,0.20189784
AYSÉN DEL GRAL. C. IBÁÑEZ DEL CAMPO,AYSEN,8984,8921,7223,1698,42,21,0.992987533,80.96625939,19.03374061,0.467497774,0.233748887
METROPOLITANA DE SANTIAGO,BUIN,40566,40377,33211,7166,129,60,0.995340926,82.25227233,17.74772767,0.318000296,0.147907114
ÑUBLE,BULNES,7926,7737,5574,2163,167,22,0.976154428,72.04342769,27.95657231,2.106989654,0.277567499
VALPARAÍSO,CABILDO,9099,9048,7948,1100,35,16,0.994394988,87.84261715,12.15738285,0.384657655,0.175843499
MAGALLANES Y ANTÁRTICA CHILENA,CABO DE HORNOS(EX-NAVARINO),645,644,375,269,1,0,0.998449612,58.22981366,41.77018634,0.15503876,0
BIOBÍO,CABRERO,10055,9976,6858,3118,47,32,0.992143212,68.74498797,31.25501203,0.46742914,0.318249627
ANTOFAGASTA,CALAMA,62826,62372,52113,10259,361,93,0.992773692,83.55191432,16.44808568,0.574602871,0.148027887
LOS LAGOS,CALBUCO,11311,11146,8760,2386,98,67,0.98541243,78.5932173,21.4067827,0.866413226,0.592343736
ATACAMA,CALDERA,8023,7937,6812,1125,74,12,0.989280818,85.8258788,14.1741212,0.922348249,0.149569986
VALPARAÍSO,CALERA,24215,24076,20625,3451,94,45,0.994259756,85.66622363,14.33377637,0.388189139,0.185835226
METROPOLITANA DE SANTIAGO,CALERA DE TANGO,12750,12692,9352,3340,41,17,0.99545098,73.68421053,26.31578947,0.321568627,0.133333333
VALPARAÍSO,CALLE LARGA,6609,6562,5607,955,37,10,0.992888485,85.44651021,14.55348979,0.559842639,0.151308821
ARICA Y PARINACOTA,CAMARONES,919,915,756,159,2,2,0.995647443,82.62295082,17.37704918,0.217627856,0.217627856
TARAPACÁ,CAMINA,513,500,293,207,11,2,0.974658869,58.6,41.4,2.144249513,0.389863548
COQUIMBO,CANELA,3781,3753,3320,433,16,12,0.992594552,88.46256328,11.53743672,0.423168474,0.317376355
BIOBÍO,CANETE,10523,10443,7038,3405,50,30,0.992397605,67.39442689,32.60557311,0.475149672,0.285089803
LA ARAUCANÍA,CARAHUE,7262,7198,4978,2220,39,25,0.991187001,69.15809947,30.84190053,0.537042137,0.34425778
VALPARAÍSO,CARTAGENA,9075,9046,7346,1700,18,11,0.996804408,81.20716339,18.79283661,0.198347107,0.121212121
VALPARAÍSO,CASABLANCA,11508,11440,9148,2292,52,16,0.994091067,79.96503497,20.03496503,0.451859576,0.139033716
LOS LAGOS,CASTRO,16660,16580,13750,2830,44,36,0.995198079,82.93124246,17.06875754,0.264105642,0.216086435
VALPARAÍSO,CATEMU,5965,5910,5199,711,46,9,0.990779547,87.96954315,12.03045685,0.77116513,0.150880134
MAULE,CAUQUENES,13062,12926,8227,4699,75,61,0.989588118,63.6469132,36.3530868,0.574184658,0.467003522
METROPOLITANA DE SANTIAGO,CERRILLOS,37316,37162,31189,5973,120,34,0.995873084,83.92712986,16.07287014,0.321577875,0.091113731
METROPOLITANA DE SANTIAGO,CERRO NAVIA,64105,63720,55908,7812,260,125,0.993994228,87.74011299,12.25988701,0.405584588,0.19499259
LOS LAGOS,CHAITEN,1363,1351,964,387,7,5,0.991195891,71.35455218,28.64544782,0.513573001,0.366837858
ATACAMA,CHANARAL,5764,5729,5185,544,19,16,0.993927828,90.50445104,9.495548961,0.3296322,0.27758501
MAULE,CHANCO,2810,2771,1713,1058,21,18,0.986120996,61.81883796,38.18116204,0.747330961,0.640569395
LIB. GRAL. BERNARDO O'HIGGINS,CHEPICA,4915,4893,3774,1119,17,5,0.995523906,77.13059473,22.86940527,0.345879959,0.1017294
BIOBÍO,CHIGUAYANTE,38309,38114,29875,8239,147,48,0.994909812,78.38327124,21.61672876,0.383721841,0.125296928
AYSÉN DEL GRAL. C. IBÁÑEZ DEL CAMPO,CHILE CHICO,1685,1676,1397,279,5,4,0.994658754,83.35322196,16.64677804,0.296735905,0.237388724
ÑUBLE,CHILLAN,75554,75147,53981,21166,280,127,0.994613124,71.83387228,28.16612772,0.370595865,0.168091696
ÑUBLE,CHILLAN VIEJO,11273,11218,8076,3142,35,20,0.995121086,71.99144232,28.00855768,0.310476359,0.177415063
LIB. GRAL. BERNARDO O'HIGGINS,CHIMBARONGO,13902,13816,11218,2598,64,22,0.99381384,81.19571511,18.80428489,0.460365415,0.158250611
LA ARAUCANÍA,CHOLCHOL,4218,4148,2951,1197,51,19,0.983404457,71.14271938,28.85728062,1.209103841,0.45045045
LOS LAGOS,CHONCHI,3638,3606,3081,525,17,15,0.991203958,85.44093178,14.55906822,0.46728972,0.412314458
AYSÉN DEL GRAL. C. IBÁÑEZ DEL CAMPO,CISNES,1740,1731,1206,525,4,5,0.994827586,69.67071057,30.32928943,0.229885057,0.287356322
ÑUBLE,COBQUECURA,2075,2054,1595,459,10,11,0.989879518,77.6533593,22.3466407,0.481927711,0.530120482
LOS LAGOS,COCHAMO,1159,1138,754,384,6,15,0.981880932,66.25659051,33.74340949,0.517687662,1.294219154
AYSÉN DEL GRAL. C. IBÁÑEZ DEL CAMPO,COCHRANE,1181,1174,892,282,5,2,0.99407282,75.97955707,24.02044293,0.423370025,0.16934801
LIB. GRAL. BERNARDO O'HIGGINS,CODEGUA,5932,5905,5034,871,21,6,0.995448415,85.24978831,14.75021169,0.354012138,0.101146325
ÑUBLE,COELEMU,6789,6740,4538,2202,28,21,0.992782442,67.32937685,32.67062315,0.412431875,0.309323906
ÑUBLE,COIHUECO,7229,7157,4420,2737,47,25,0.990040116,61.75771971,38.24228029,0.650159081,0.345829299
LIB. GRAL. BERNARDO O'HIGGINS,COINCO,3346,3317,2616,701,22,7,0.991332935,78.86644558,21.13355442,0.657501494,0.209205021
MAULE,COLBUN,6924,6879,5375,1504,27,18,0.993500867,78.13635703,21.86364297,0.389948007,0.259965338
TARAPACÁ,COLCHANE,524,505,131,374,16,3,0.963740458,25.94059406,74.05940594,3.053435115,0.572519084
METROPOLITANA DE SANTIAGO,COLINA,49450,49149,32524,16625,202,99,0.993913043,66.17428635,33.82571365,0.408493428,0.200202224
LA ARAUCANÍA,COLLIPULLI,8340,8234,5159,3075,65,41,0.987290168,62.65484576,37.34515424,0.779376499,0.491606715
LIB. GRAL. BERNARDO O'HIGGINS,COLTAUCO,7567,7517,6177,1340,34,16,0.993392362,82.17373952,17.82626048,0.449319413,0.21144443
COQUIMBO,COMBARBALA,5074,5042,4428,614,17,15,0.993693339,87.82229274,12.17770726,0.335041387,0.295624754
BIOBÍO,CONCEPCION,104533,104091,77042,27049,338,104,0.99577167,74.01408383,25.98591617,0.323342868,0.099490113
METROPOLITANA DE SANTIAGO,CONCHALI,65349,65051,56064,8987,206,92,0.995439869,86.18468586,13.81531414,0.315230531,0.140782567
VALPARAÍSO,CONCON,24384,24278,15705,8573,74,32,0.995652887,64.68819507,35.31180493,0.30347769,0.131233596
MAULE,CONSTITUCION,18314,18204,14325,3879,75,35,0.993993666,78.69149637,21.30850363,0.409522769,0.191110626
BIOBÍO,CONTULMO,2094,2082,1149,933,9,3,0.994269341,55.18731988,44.81268012,0.429799427,0.143266476
ATACAMA,COPIAPO,60971,60677,51042,9635,230,64,0.995178035,84.12083656,15.87916344,0.377228518,0.104967936
COQUIMBO,COQUIMBO,81691,81310,68738,12572,279,102,0.995336084,84.53818718,15.46181282,0.341530891,0.124860756
BIOBÍO,CORONEL,44303,44001,33463,10538,202,100,0.993183306,76.05054431,23.94945569,0.455951064,0.225718349
LOS RÍOS,CORRAL,2379,2361,1991,370,13,5,0.992433796,84.32867429,15.67132571,0.546448087,0.210172341
AYSÉN DEL GRAL. C. IBÁÑEZ DEL CAMPO,COYHAIQUE,22512,22408,17165,5243,61,43,0.995380242,76.60210639,23.39789361,0.270966596,0.19100924
LA ARAUCANÍA,CUNCO,6082,6004,4090,1914,47,31,0.987175271,68.1212525,31.8787475,0.772772114,0.509700756
LA ARAUCANÍA,CURACAUTIN,5923,5870,3491,2379,33,20,0.991051832,59.47189097,40.52810903,0.557150093,0.337666723
METROPOLITANA DE SANTIAGO,CURACAVI,14789,14683,11713,2970,78,28,0.992832511,79.77252605,20.22747395,0.527419028,0.189329907
LOS LAGOS,CURACO DE VELEZ,1315,1303,1091,212,8,4,0.990874525,83.72985418,16.27014582,0.608365019,0.30418251
BIOBÍO,CURANILAHUE,13158,13036,9807,3229,84,38,0.990728074,75.23013194,24.76986806,0.638394893,0.28879769
LA ARAUCANÍA,CURARREHUE,2655,2631,1740,891,12,12,0.990960452,66.1345496,33.8654504,0.451977401,0.451977401
MAULE,CUREPTO,3560,3529,2793,736,15,16,0.991292135,79.14423349,20.85576651,0.421348315,0.449438202
MAULE,CURICO,63012,62687,48391,14296,220,105,0.994842252,77.19463366,22.80536634,0.349139846,0.166634927
LOS LAGOS,DALCAHUE,4012,3978,3344,634,22,12,0.991525424,84.06234289,15.93765711,0.548354935,0.299102692
ATACAMA,DIEGO DE ALMAGRO,5410,5385,4886,499,17,8,0.995378928,90.73351903,9.266480966,0.314232902,0.147874307
LIB. GRAL. BERNARDO O'HIGGINS,DONIHUE,9423,9380,7987,1393,29,14,0.995436697,85.14925373,14.85074627,0.307757614,0.148572641
METROPOLITANA DE SANTIAGO,EL BOSQUE,75827,75449,64401,11048,272,106,0.995014968,85.35699612,14.64300388,0.358711277,0.139791895
ÑUBLE,EL CARMEN,3774,3743,2390,1353,18,13,0.991785904,63.85252471,36.14747529,0.476947536,0.344462109
METROPOLITANA DE SANTIAGO,EL MONTE,15075,14983,12605,2378,64,28,0.993897181,84.12867917,15.87132083,0.424543947,0.185737977
VALPARAÍSO,EL QUISCO,7241,7193,5643,1550,35,13,0.993371081,78.45127207,21.54872793,0.483358652,0.179533214
VALPARAÍSO,EL TABO,5842,5817,4675,1142,19,6,0.995720644,80.36788723,19.63211277,0.325231085,0.102704553
MAULE,EMPEDRADO,1513,1497,821,676,9,7,0.989424983,54.84301937,45.15698063,0.594844679,0.462656973
LA ARAUCANÍA,ERCILLA,2593,2541,1521,1020,26,26,0.979946008,59.85832349,40.14167651,1.002699576,1.002699576
METROPOLITANA DE SANTIAGO,ESTACION CENTRAL,62960,62653,52748,9905,240,67,0.995123888,84.19070116,15.80929884,0.381194409,0.106416773
BIOBÍO,FLORIDA,3757,3722,2612,1110,23,12,0.990684056,70.17732402,29.82267598,0.612190578,0.31940378
LA ARAUCANÍA,FREIRE,7670,7599,5198,2401,51,20,0.990743155,68.40373733,31.59626267,0.664928292,0.260756193
ATACAMA,FREIRINA,2701,2686,2465,221,14,1,0.994446501,91.7721519,8.227848101,0.518326546,0.037023325
LOS LAGOS,FRESIA,4683,4645,3166,1479,20,18,0.991885543,68.15931109,31.84068891,0.42707666,0.384368994
LOS LAGOS,FRUTILLAR,7908,7859,5185,2674,36,13,0.993803743,65.97531493,34.02468507,0.455235205,0.164390491
LOS LAGOS,FUTALEUFU,965,960,630,330,2,3,0.994818653,65.625,34.375,0.207253886,0.310880829
LOS RÍOS,FUTRONO,5712,5648,3464,2184,38,26,0.988795518,61.33144476,38.66855524,0.665266106,0.455182073
LA ARAUCANÍA,GALVARINO,3573,3467,2472,995,82,24,0.970333053,71.30083646,28.69916354,2.294990204,0.67170445
ARICA Y PARINACOTA,GENERAL LAGOS,313,300,220,80,9,4,0.958466454,73.33333333,26.66666667,2.875399361,1.277955272
LA ARAUCANÍA,GORBEA,5419,5374,3290,2084,25,20,0.991695885,61.22069222,38.77930778,0.461339731,0.369071784
LIB. GRAL. BERNARDO O'HIGGINS,GRANEROS,15292,15198,12968,2230,62,32,0.993852995,85.32701671,14.67298329,0.405440753,0.209259744
AYSÉN DEL GRAL. C. IBÁÑEZ DEL CAMPO,GUAITECAS,607,605,488,117,0,2,0.996705107,80.66115702,19.33884298,0,0.329489292
VALPARAÍSO,HIJUELAS,7648,7604,6338,1266,28,16,0.994246862,83.35086796,16.64913204,0.366108787,0.209205021
LOS LAGOS,HUALAIHUE,2871,2849,2325,524,13,9,0.992337165,81.60758161,18.39241839,0.452803901,0.313479624
MAULE,HUALANE,4118,4084,3300,784,24,10,0.991743565,80.80313418,19.19686582,0.582807188,0.242836328
BIOBÍO,HUALPEN,43479,43219,34360,8859,193,67,0.994020102,79.50207085,20.49792915,0.443892454,0.15409738
BIOBÍO,HUALQUI,9420,9322,7378,1944,59,39,0.989596603,79.14610599,20.85389401,0.626326964,0.414012739
TARAPACÁ,HUARA,1529,1515,1136,379,8,6,0.990843689,74.98349835,25.01650165,0.523217789,0.392413342
ATACAMA,HUASCO,4236,4212,3808,404,18,6,0.994334278,90.40835708,9.591642925,0.424929178,0.141643059
METROPOLITANA DE SANTIAGO,HUECHURABA,45939,45715,37153,8562,153,71,0.995123969,81.27091764,18.72908236,0.333050349,0.154552777
COQUIMBO,ILLAPEL,12633,12548,11166,1382,56,29,0.99327159,88.98629264,11.01370736,0.443283464,0.229557508
METROPOLITANA DE SANTIAGO,INDEPENDENCIA,38452,38271,31280,6991,129,52,0.995292833,81.73290481,18.26709519,0.3354832,0.135233538
TARAPACÁ,IQUIQUE,80220,79831,60976,18855,275,114,0.995150835,76.38135561,23.61864439,0.34280728,0.1421092
METROPOLITANA DE SANTIAGO,ISLA DE MAIPO,15226,15146,12381,2765,59,21,0.99474583,81.74435495,18.25564505,0.387495074,0.137921976
VALPARAÍSO,ISLA DE PASCUA,2726,2708,2292,416,11,7,0.993396919,84.63810931,15.36189069,0.403521643,0.2567865
VALPARAÍSO,JUAN FERNANDEZ,439,439,377,62,0,0,1,85.87699317,14.12300683,0,0
METROPOLITANA DE SANTIAGO,LA CISTERNA,45870,45703,37228,8475,124,43,0.996359276,81.45635954,18.54364046,0.270329191,0.093743187
VALPARAÍSO,LA CRUZ,9006,8977,6989,1988,22,7,0.996779924,77.8545171,22.1454829,0.24428159,0.07772596
LIB. GRAL. BERNARDO O'HIGGINS,LA ESTRELLA,1484,1473,1158,315,8,3,0.992587601,78.61507128,21.38492872,0.539083558,0.202156334
METROPOLITANA DE SANTIAGO,LA FLORIDA,181946,181124,152537,28587,478,344,0.995482176,84.21689009,15.78310991,0.262715311,0.189067086
METROPOLITANA DE SANTIAGO,LA GRANJA,57302,57022,49991,7031,208,72,0.995113609,87.66967135,12.33032865,0.362989075,0.125650065
COQUIMBO,LA HIGUERA,1564,1551,1345,206,9,4,0.99168798,86.71824629,13.28175371,0.57544757,0.255754476
VALPARAÍSO,LA LIGUA,16001,15920,13580,2340,57,24,0.994937816,85.30150754,14.69849246,0.356227736,0.149990626
METROPOLITANA DE SANTIAGO,LA PINTANA,72103,71643,63381,8262,337,123,0.993620238,88.46781961,11.53218039,0.467386933,0.170589296
METROPOLITANA DE SANTIAGO,LA REINA,59192,58982,39979,19003,128,82,0.996452223,67.78169611,32.21830389,0.216245439,0.138532234
COQUIMBO,LA SERENA,90133,89790,73254,16536,237,106,0.996194513,81.58369529,18.41630471,0.262944759,0.117603985
LOS RÍOS,LA UNION,14907,14811,10748,4063,70,26,0.993560072,72.56768618,27.43231382,0.469578051,0.174414705
LOS RÍOS,LAGO RANCO,3348,3301,2093,1208,26,21,0.985961768,63.40502878,36.59497122,0.776583035,0.627240143
AYSÉN DEL GRAL. C. IBÁÑEZ DEL CAMPO,LAGO VERDE,373,371,247,124,0,2,0.99463807,66.57681941,33.42318059,0,0.536193029
MAGALLANES Y ANTÁRTICA CHILENA,LAGUNA BLANCA,201,201,139,62,0,0,1,69.15422886,30.84577114,0,0
BIOBÍO,LAJA,9327,9232,7030,2202,69,26,0.989814517,76.14818024,23.85181976,0.739787713,0.278760588
METROPOLITANA DE SANTIAGO,LAMPA,31387,31240,25871,5369,94,53,0.995316532,82.81370038,17.18629962,0.299487049,0.168859719
LOS RÍOS,LANCO,6697,6645,5084,1561,28,24,0.992235329,76.50865312,23.49134688,0.418097656,0.358369419
LIB. GRAL. BERNARDO O'HIGGINS,LAS CABRAS,8668,8613,7187,1426,36,19,0.993654822,83.44363172,16.55636828,0.41532072,0.219197047
METROPOLITANA DE SANTIAGO,LAS CONDES,166475,165777,73354,92423,462,236,0.995807178,44.24859902,55.75140098,0.277519147,0.141763027
LA ARAUCANÍA,LAUTARO,12910,12820,8037,4783,68,22,0.99302866,62.69110764,37.30889236,0.52672347,0.170410534
BIOBÍO,LEBU,8524,8416,5630,2786,79,29,0.987329892,66.89638783,33.10361217,0.926794932,0.340215861
MAULE,LICANTEN,2929,2904,2412,492,16,9,0.991464664,83.05785124,16.94214876,0.546261523,0.307272107
VALPARAÍSO,LIMACHE,20221,20103,15572,4531,77,41,0.994164482,77.46107546,22.53892454,0.380792246,0.202759507
MAULE,LINARES,35880,35709,25896,9813,123,48,0.995234114,72.51953289,27.48046711,0.342809365,0.133779264
LIB. GRAL. BERNARDO O'HIGGINS,LITUECHE,2529,2518,1971,547,7,4,0.995650455,78.27640985,21.72359015,0.276789245,0.158165283
VALPARAÍSO,LLAILLAY,11625,11559,10284,1275,51,15,0.994322581,88.96963405,11.03036595,0.438709677,0.129032258
LOS LAGOS,LLANQUIHUE,7826,7759,5682,2077,39,28,0.991438794,73.23108648,26.76891352,0.49833887,0.357781753
METROPOLITANA DE SANTIAGO,LO BARNECHEA,55257,55013,21111,33902,178,66,0.99558427,38.37456601,61.62543399,0.322131133,0.119441881
METROPOLITANA DE SANTIAGO,LO ESPEJO,50691,50373,44656,5717,216,102,0.993726697,88.65066603,11.34933397,0.426111144,0.201219151
METROPOLITANA DE SANTIAGO,LO PRADO,51357,51068,44371,6697,216,73,0.994372724,86.88611263,13.11388737,0.420585315,0.142142259
LIB. GRAL. BERNARDO O'HIGGINS,LOLOL,2433,2408,1815,593,15,10,0.98972462,75.37375415,24.62624585,0.616522811,0.411015208
LA ARAUCANÍA,LONCOCHE,8237,8197,6125,2072,27,13,0.995143863,74.72245944,25.27754056,0.327789244,0.157824451
MAULE,LONGAVI,7859,7803,5457,2346,41,15,0.992874412,69.93464052,30.06535948,0.521694872,0.190863978
LA ARAUCANÍA,LONQUIMAY,3349,3281,1963,1318,42,26,0.979695431,59.82932033,40.17067967,1.254105703,0.77635115
BIOBÍO,LOS ALAMOS,6650,6587,4186,2401,35,28,0.990526316,63.54941552,36.45058448,0.526315789,0.421052632
VALPARAÍSO,LOS ANDES,31276,31139,25366,5773,100,37,0.995619644,81.46054787,18.53945213,0.319733981,0.118301573
BIOBÍO,LOS ANGELES,68740,68249,43288,24961,323,168,0.992857143,63.42657035,36.57342965,0.469886529,0.244399185
LOS RÍOS,LOS LAGOS,7518,7449,5399,2050,40,29,0.990822027,72.47952745,27.52047255,0.532056398,0.385740889
LOS LAGOS,LOS MUERMOS,5115,5063,2780,2283,23,29,0.989833822,54.90815722,45.09184278,0.449657869,0.566959922
LA ARAUCANÍA,LOS SAUCES,2495,2459,1409,1050,24,12,0.985571142,57.29971533,42.70028467,0.961923848,0.480961924
COQUIMBO,LOS VILOS,8875,8832,7679,1153,24,19,0.99515493,86.94519928,13.05480072,0.270422535,0.214084507
BIOBÍO,LOTA,22990,22783,17050,5733,145,62,0.990996085,74.8365009,25.1634991,0.630709004,0.269682471
LA ARAUCANÍA,LUMACO,2979,2917,1711,1206,31,31,0.979187647,58.65615358,41.34384642,1.040617657,1.040617657
LIB. GRAL. BERNARDO O'HIGGINS,MACHALI,20937,20859,16398,4461,43,35,0.996274538,78.61354811,21.38645189,0.205378039,0.167168171
METROPOLITANA DE SANTIAGO,MACUL,59968,59718,49338,10380,174,76,0.99583111,82.61830604,17.38169396,0.290154749,0.126734258
LOS RÍOS,MAFIL,2853,2834,2049,785,10,9,0.993340343,72.30063514,27.69936486,0.350508237,0.315457413
METROPOLITANA DE SANTIAGO,MAIPU,243011,242173,208642,33531,636,202,0.996551596,86.15411297,13.84588703,0.261716548,0.083123809
LIB. GRAL. BERNARDO O'HIGGINS,MALLOA,5435,5395,4246,1149,27,13,0.992640294,78.70250232,21.29749768,0.496780129,0.239190432
LIB. GRAL. BERNARDO O'HIGGINS,MARCHIGUE,2926,2907,2408,499,11,8,0.993506494,82.83453732,17.16546268,0.37593985,0.2734108
ANTOFAGASTA,MARIA ELENA,2138,2125,1938,187,8,5,0.993919551,91.2,8.8,0.374181478,0.233863424
METROPOLITANA DE SANTIAGO,MARIA PINTO,5473,5446,4424,1022,15,12,0.995066691,81.23393316,18.76606684,0.274072721,0.219258177
LOS RÍOS,MARIQUINA,7772,7717,5934,1783,31,24,0.992923314,76.89516652,23.10483348,0.39886773,0.308800823
MAULE,MAULE,10877,10809,8355,2454,52,16,0.993748276,77.2966972,22.7033028,0.478072998,0.147099384
LOS LAGOS,MAULLIN,5095,5051,3418,1633,30,14,0.991364082,67.66976836,32.33023164,0.588812561,0.274779195
ANTOFAGASTA,MEJILLONES,5128,5105,4572,533,16,7,0.995514821,89.55925563,10.44074437,0.31201248,0.13650546
LA ARAUCANÍA,MELIPEUCO,2229,2196,1542,654,15,18,0.985195155,70.21857923,29.78142077,0.67294751,0.807537012
METROPOLITANA DE SANTIAGO,MELIPILLA,43134,42676,34520,8156,161,297,0.989381926,80.88855563,19.11144437,0.373255437,0.688551954
MAULE,MOLINA,19177,19082,15425,3657,69,26,0.995046149,80.83534221,19.16465779,0.359806018,0.135579079
COQUIMBO,MONTE PATRIA,11199,11120,9845,1275,56,23,0.992945799,88.53417266,11.46582734,0.500044647,0.20537548
LIB. GRAL. BERNARDO O'HIGGINS,MOSTAZAL,11438,11385,9673,1712,32,21,0.995366323,84.96267018,15.03732982,0.27976919,0.183598531
BIOBÍO,MULCHEN,10136,10012,7252,2760,72,52,0.987766377,72.4330803,27.5669197,0.710339384,0.513022889
BIOBÍO,NACIMIENTO,10403,10327,7267,3060,47,29,0.992694415,70.3689358,29.6310642,0.451792752,0.278765741
LIB. GRAL. BERNARDO O'HIGGINS,NANCAGUA,7059,7027,5840,1187,23,9,0.99546678,83.10801195,16.89198805,0.325825188,0.127496813
MAGALLANES Y ANTÁRTICA CHILENA,NATALES,7798,7757,6506,1251,25,16,0.994742242,83.87263117,16.12736883,0.320595024,0.205180816
LIB. GRAL. BERNARDO O'HIGGINS,NAVIDAD,2914,2890,2322,568,14,10,0.991763898,80.34602076,19.65397924,0.480439259,0.343170899
BIOBÍO,NEGRETE,3704,3648,2287,1361,37,19,0.98488121,62.69188596,37.30811404,0.998920086,0.512958963
ÑUBLE,NINHUE,1920,1900,1353,547,14,6,0.989583333,71.21052632,28.78947368,0.729166667,0.3125
ÑUBLE,NIQUEN,3258,3231,2003,1228,17,10,0.991712707,61.99319096,38.00680904,0.521792511,0.306936771
VALPARAÍSO,NOGALES,10811,10740,9519,1221,46,25,0.993432615,88.63128492,11.36871508,0.425492554,0.231245953
LA ARAUCANÍA,NUEVA IMPERIAL,12100,11983,8765,3218,83,34,0.990330579,73.14528916,26.85471084,0.685950413,0.280991736
METROPOLITANA DE SANTIAGO,NUNOA,125217,124871,95123,29748,226,120,0.997236797,76.17701468,23.82298532,0.180486675,0.095833633
AYSÉN DEL GRAL. C. IBÁÑEZ DEL CAMPO,OHIGGINS,236,236,153,83,0,0,1,64.83050847,35.16949153,0,0
LIB. GRAL. BERNARDO O'HIGGINS,OLIVAR,6485,6457,5121,1336,17,11,0.995682344,79.30927675,20.69072325,0.262143408,0.169622205
ANTOFAGASTA,OLLAGUE,379,378,317,61,1,0,0.997361478,83.86243386,16.13756614,0.263852243,0
VALPARAÍSO,OLMUE,7878,7828,5856,1972,39,11,0.993653211,74.80838017,25.19161983,0.495049505,0.139629348
LOS LAGOS,OSORNO,70252,69874,51593,18281,258,120,0.99461937,73.83719266,26.16280734,0.367249331,0.170813642
COQUIMBO,OVALLE,40338,40079,34181,5898,170,89,0.993579255,85.28406397,14.71593603,0.421438842,0.220635629
METROPOLITANA DE SANTIAGO,PADRE HURTADO,26116,25999,22498,3501,95,22,0.995519988,86.53409747,13.46590253,0.363761679,0.084239547
LA ARAUCANÍA,PADRE LAS CASAS,23953,23746,16769,6977,140,67,0.991358076,70.61820938,29.38179062,0.584477936,0.279714441
COQUIMBO,PAIHUANO,2414,2400,1958,442,8,6,0.994200497,81.58333333,18.41666667,0.331400166,0.248550124
LOS RÍOS,PAILLACO,7673,7622,5434,2188,27,24,0.993353317,71.29362372,28.70637628,0.351883227,0.312785091
METROPOLITANA DE SANTIAGO,PAINE,27952,27779,22638,5141,115,58,0.993810819,81.4932143,18.5067857,0.411419576,0.207498569
LOS LAGOS,PALENA,636,624,422,202,6,6,0.981132075,67.62820513,32.37179487,0.943396226,0.943396226
LIB. GRAL. BERNARDO O'HIGGINS,PALMILLA,4336,4322,3500,822,8,6,0.996771218,80.9810273,19.0189727,0.184501845,0.138376384
LOS RÍOS,PANGUIPULLI,12449,12269,8572,3697,108,72,0.985541007,69.86714484,30.13285516,0.867539561,0.578359708
VALPARAÍSO,PANQUEHUE,3591,3576,2858,718,12,3,0.995822891,79.92170022,20.07829978,0.334168755,0.083542189
VALPARAÍSO,PAPUDO,3498,3480,2779,701,13,5,0.994854202,79.85632184,20.14367816,0.371640938,0.142938822
LIB. GRAL. BERNARDO O'HIGGINS,PAREDONES,2471,2441,1974,467,21,9,0.987859166,80.86849652,19.13150348,0.849858357,0.36422501
MAULE,PARRAL,14897,14772,10252,4520,88,37,0.991609049,69.40157054,30.59842946,0.590722964,0.248372155
METROPOLITANA DE SANTIAGO,PEDRO AGUIRRE CERDA,55776,55343,48460,6883,351,82,0.992236804,87.5630161,12.4369839,0.629302926,0.147016638
MAULE,PELARCO,3391,3372,2589,783,15,4,0.994396933,76.77935943,23.22064057,0.44234739,0.117959304
MAULE,PELLUHUE,2917,2896,1944,952,14,7,0.992800823,67.12707182,32.87292818,0.479945149,0.239972575
ÑUBLE,PEMUCO,2880,2859,1935,924,10,11,0.992708333,67.68100735,32.31899265,0.347222222,0.381944444
METROPOLITANA DE SANTIAGO,PENAFLOR,43186,43012,36885,6127,103,71,0.995970917,85.7551381,14.2448619,0.238503219,0.164405131
METROPOLITANA DE SANTIAGO,PENALOLEN,115246,114474,96287,18187,439,333,0.993301286,84.11254957,15.88745043,0.380924284,0.288947122
MAULE,PENCAHUE,4169,4147,2928,1219,18,4,0.994722955,70.60525681,29.39474319,0.431758215,0.09594627
BIOBÍO,PENCO,23135,23005,18663,4342,92,38,0.994380808,81.12584221,18.87415779,0.397665874,0.164253296
LIB. GRAL. BERNARDO O'HIGGINS,PERALILLO,4540,4519,3608,911,15,6,0.995374449,79.84067272,20.15932728,0.330396476,0.13215859
LA ARAUCANÍA,PERQUENCO,2553,2535,1778,757,11,7,0.992949471,70.13806706,29.86193294,0.430865648,0.274187231
VALPARAÍSO,PETORCA,4639,4604,4146,458,20,15,0.992455271,90.05212858,9.947871416,0.431127398,0.323345549
LIB. GRAL. BERNARDO O'HIGGINS,PEUMO,6230,6198,5355,843,18,14,0.994863563,86.39883833,13.60116167,0.288924559,0.224719101
TARAPACÁ,PICA,2435,2415,1769,646,16,4,0.991786448,73.2505176,26.7494824,0.657084189,0.164271047
LIB. GRAL. BERNARDO O'HIGGINS,PICHIDEGUA,6471,6430,5350,1080,22,19,0.99366404,83.2037325,16.7962675,0.339978365,0.293617679
LIB. GRAL. BERNARDO O'HIGGINS,PICHILEMU,7618,7580,6173,1407,29,9,0.995011814,81.43799472,18.56200528,0.380677343,0.118141244
ÑUBLE,PINTO,4300,4249,2235,2014,29,22,0.988139535,52.60061191,47.39938809,0.674418605,0.511627907
METROPOLITANA DE SANTIAGO,PIRQUE,13102,13049,10055,2994,35,18,0.995954816,77.05571308,22.94428692,0.267134789,0.137383606
LA ARAUCANÍA,PITRUFQUEN,8567,8513,5566,2947,44,10,0.993696743,65.3823564,34.6176436,0.513598693,0.116726976
LIB. GRAL. BERNARDO O'HIGGINS,PLACILLA,3945,3925,3222,703,15,5,0.994930292,82.08917197,17.91082803,0.380228137,0.126742712
ÑUBLE,PORTEZUELO,2037,2026,1420,606,7,4,0.994599902,70.08884501,29.91115499,0.343642612,0.196367207
MAGALLANES Y ANTÁRTICA CHILENA,PORVENIR,1895,1889,1539,350,6,0,0.996833773,81.47167814,18.52832186,0.316622691,0
TARAPACÁ,POZO ALMONTE,4843,4806,3730,1076,29,8,0.992360107,77.61131918,22.38868082,0.598802395,0.165186868
MAGALLANES Y ANTÁRTICA CHILENA,PRIMAVERA,253,253,218,35,0,0,1,86.16600791,13.83399209,0,0
METROPOLITANA DE SANTIAGO,PROVIDENCIA,91745,91442,58694,32748,202,101,0.996697368,64.18713501,35.81286499,0.220175486,0.110087743
VALPARAÍSO,PUCHUNCAVI,8658,8615,7243,1372,19,24,0.995033495,84.07428903,15.92571097,0.219450219,0.277200277
LA ARAUCANÍA,PUCON,11376,11316,8176,3140,37,23,0.994725738,72.25167904,27.74832096,0.325246132,0.202180028
METROPOLITANA DE SANTIAGO,PUDAHUEL,99728,99300,87139,12161,309,119,0.995708327,87.75327291,12.24672709,0.309842772,0.119324563
METROPOLITANA DE SANTIAGO,PUENTE ALTO,228628,227727,200905,26822,664,237,0.9960591,88.22186214,11.77813786,0.290428119,0.103661844
LOS LAGOS,PUERTO MONTT,88206,87679,65342,22337,360,167,0.99402535,74.52411638,25.47588362,0.408135501,0.189329524
LOS LAGOS,PUERTO OCTAY,3591,3568,2623,945,11,12,0.993595099,73.51457399,26.48542601,0.306321359,0.334168755
LOS LAGOS,PUERTO VARAS,21854,21739,14005,7734,64,51,0.994737805,64.42338654,35.57661346,0.292852567,0.233366889
LIB. GRAL. BERNARDO O'HIGGINS,PUMANQUE,1574,1564,1222,342,6,4,0.99364676,78.13299233,21.86700767,0.381194409,0.254129606
COQUIMBO,PUNITAQUI,4175,4132,3627,505,27,16,0.989700599,87.77831559,12.22168441,0.646706587,0.383233533
MAGALLANES Y ANTÁRTICA CHILENA,PUNTA ARENAS,54119,53928,42929,10999,131,60,0.99647074,79.6042872,20.3957128,0.242059166,0.110866794
LOS LAGOS,PUQUELDON,1194,1181,1051,130,6,7,0.989112228,88.99237934,11.00762066,0.502512563,0.586264657
LA ARAUCANÍA,PUREN,4291,4240,2657,1583,31,20,0.988114659,62.66509434,37.33490566,0.722442321,0.46609182
LOS LAGOS,PURRANQUE,7891,7823,5168,2655,36,32,0.991382588,66.06161319,33.93838681,0.456215942,0.405525282
VALPARAÍSO,PUTAENDO,7246,7190,6222,968,32,24,0.992271598,86.53685675,13.46314325,0.441622964,0.331217223
ARICA Y PARINACOTA,PUTRE,1075,1065,719,346,7,3,0.990697674,67.51173709,32.48826291,0.651162791,0.279069767
LOS LAGOS,PUYEHUE,4693,4640,3208,1432,33,20,0.988706584,69.13793103,30.86206897,0.703174941,0.426166631
LOS LAGOS,QUEILEN,1494,1488,1320,168,2,4,0.995983936,88.70967742,11.29032258,0.133868809,0.267737617
LOS LAGOS,QUELLON,8657,8549,6745,1804,57,51,0.987524547,78.89811674,21.10188326,0.658426707,0.589118632
LOS LAGOS,QUEMCHI,2324,2299,1922,377,9,16,0.989242685,83.6015659,16.3984341,0.387263339,0.688468158
BIOBÍO,QUILACO,1554,1530,1122,408,18,6,0.984555985,73.33333333,26.66666667,1.158301158,0.386100386
METROPOLITANA DE SANTIAGO,QUILICURA,84078,83787,73637,10150,216,75,0.996538928,87.88594889,12.11405111,0.256904303,0.089202883
BIOBÍO,QUILLECO,3240,3201,2203,998,23,16,0.987962963,68.82224305,31.17775695,0.709876543,0.49382716
ÑUBLE,QUILLON,5913,5865,4072,1793,32,16,0.991882293,69.428815,30.571185,0.54118045,0.270590225
VALPARAÍSO,QUILLOTA,38993,38804,30871,7933,142,47,0.995152976,79.55623132,20.44376868,0.364167928,0.120534455
VALPARAÍSO,QUILPUE,74057,73715,57468,16247,270,72,0.995381936,77.95970969,22.04029031,0.364584037,0.09722241
LOS LAGOS,QUINCHAO,2989,2952,2536,416,19,18,0.987621278,85.90785908,14.09214092,0.635664102,0.602208096
LIB. GRAL. BERNARDO O'HIGGINS,QUINTA DE TILCOCO,6460,6433,5504,929,17,10,0.995820433,85.55883725,14.44116275,0.263157895,0.154798762
METROPOLITANA DE SANTIAGO,QUINTA NORMAL,55023,54769,46560,8209,179,75,0.995383749,85.01159415,14.98840585,0.325318503,0.136306635
VALPARAÍSO,QUINTERO,12943,12852,10452,2400,70,21,0.992969173,81.32586368,18.67413632,0.540832883,0.162249865
ÑUBLE,QUIRIHUE,3986,3940,3159,781,32,14,0.988459609,80.17766497,19.82233503,0.802809834,0.351229303
LIB. GRAL. BERNARDO O'HIGGINS,RANCAGUA,107280,106680,87526,19154,325,275,0.994407159,82.04536933,17.95463067,0.302945563,0.256338553
ÑUBLE,RANQUIL,2199,2177,1505,672,15,7,0.989995452,69.1318328,30.8681672,0.68212824,0.318326512
MAULE,RAUCO,4217,4186,3230,956,23,8,0.992648802,77.16196847,22.83803153,0.54541143,0.189708323
METROPOLITANA DE SANTIAGO,RECOLETA,76259,75825,64187,11638,318,116,0.994308868,84.65150016,15.34849984,0.416999961,0.152113193
LA ARAUCANÍA,RENAICO,3745,3720,2640,1080,17,8,0.993324433,70.96774194,29.03225806,0.453938585,0.213618158
METROPOLITANA DE SANTIAGO,RENCA,65223,64730,57523,7207,240,253,0.992441317,88.86605901,11.13394099,0.367968355,0.387899974
LIB. GRAL. BERNARDO O'HIGGINS,RENGO,24849,24697,20433,4264,101,51,0.993883054,82.73474511,17.26525489,0.406454988,0.205239647
LIB. GRAL. BERNARDO O'HIGGINS,REQUINOA,12077,12017,9428,2589,40,20,0.995031879,78.45552134,21.54447866,0.331208081,0.165604041
MAULE,RETIRO,5206,5149,3583,1566,32,25,0.989051095,69.58632744,30.41367256,0.614675375,0.480215136
VALPARAÍSO,RINCONADA,5434,5401,4365,1036,18,15,0.993927126,80.81836697,19.18163303,0.3312477,0.27603975
LOS RÍOS,RIO BUENO,11645,11545,7935,3610,56,44,0.991412623,68.7310524,31.2689476,0.480893087,0.377844568
MAULE,RIO CLARO,4796,4742,3655,1087,29,25,0.988740617,77.07718262,22.92281738,0.604670559,0.521267723
COQUIMBO,RIO HURTADO,1638,1619,1353,266,9,10,0.988400488,83.570105,16.429895,0.549450549,0.610500611
AYSÉN DEL GRAL. C. IBÁÑEZ DEL CAMPO,RIO IBANEZ,932,924,637,287,2,6,0.991416309,68.93939394,31.06060606,0.214592275,0.643776824
LOS LAGOS,RIO NEGRO,5165,5128,3522,1606,22,15,0.992836399,68.68174727,31.31825273,0.425943853,0.290416263
MAGALLANES Y ANTÁRTICA CHILENA,RIO VERDE,183,182,124,58,0,1,0.994535519,68.13186813,31.86813187,0,0.546448087
MAULE,ROMERAL,6452,6414,4558,1856,30,8,0.994110353,71.06329903,28.93670097,0.464972102,0.12399256
LA ARAUCANÍA,SAAVEDRA,4021,3960,2960,1000,34,27,0.984829644,74.74747475,25.25252525,0.845560806,0.671474758
MAULE,SAGRADA FAMILIA,7657,7591,6256,1335,52,14,0.991380436,82.41338427,17.58661573,0.679117148,0.182839232
COQUIMBO,SALAMANCA,10523,10454,8984,1470,53,16,0.993442935,85.93839679,14.06160321,0.503658652,0.152047895
VALPARAÍSO,SAN ANTONIO,44052,43918,38979,4939,100,34,0.99695814,88.75404162,11.24595838,0.227004449,0.077181513
METROPOLITANA DE SANTIAGO,SAN BERNARDO,119861,119215,101606,17609,474,172,0.994610424,85.22920773,14.77079227,0.395458072,0.143499554
ÑUBLE,SAN CARLOS,18128,17997,12268,5729,89,42,0.99277361,68.16691671,31.83308329,0.490953222,0.23168579
MAULE,SAN CLEMENTE,14891,14749,11647,3102,95,47,0.990464039,78.96806563,21.03193437,0.637969243,0.315626889
VALPARAÍSO,SAN ESTEBAN,8638,8577,7115,1462,46,15,0.99293818,82.95441296,17.04558704,0.532530678,0.173651308
ÑUBLE,SAN FABIAN,1899,1880,1364,516,12,7,0.989994734,72.55319149,27.44680851,0.631911532,0.368615061
VALPARAÍSO,SAN FELIPE,33396,33224,27101,6123,127,45,0.994849683,81.57055141,18.42944859,0.380285064,0.134746676
LIB. GRAL. BERNARDO O'HIGGINS,SAN FERNANDO,33307,33179,26045,7134,87,41,0.996156964,78.49844781,21.50155219,0.261206353,0.123097247
MAGALLANES Y ANTÁRTICA CHILENA,SAN GREGORIO,205,204,130,74,0,1,0.995121951,63.7254902,36.2745098,0,0.487804878
ÑUBLE,SAN IGNACIO,4950,4903,3255,1648,32,15,0.990505051,66.38792576,33.61207424,0.646464646,0.303030303
MAULE,SAN JAVIER,15427,15323,11301,4022,66,38,0.993258573,73.75187626,26.24812374,0.427821352,0.246321385
METROPOLITANA DE SANTIAGO,SAN JOAQUIN,48221,48010,41800,6210,149,62,0.995624313,87.06519475,12.93480525,0.308994007,0.128574687
METROPOLITANA DE SANTIAGO,SAN JOSE DE MAIPO,8928,8879,7506,1373,27,22,0.994511649,84.53654691,15.46345309,0.302419355,0.246415771
LOS LAGOS,SAN JUAN DE LA COSTA,3177,3143,2530,613,15,19,0.98929808,80.49634108,19.50365892,0.472143532,0.598048473
METROPOLITANA DE SANTIAGO,SAN MIGUEL,56571,56377,45864,10513,157,37,0.996570681,81.35232453,18.64767547,0.277527355,0.065404536
ÑUBLE,SAN NICOLAS,4741,4686,3334,1352,34,21,0.988399072,71.14810073,28.85189927,0.717148281,0.442944526
LOS LAGOS,SAN PABLO,4091,4052,2941,1111,26,13,0.990466879,72.58144126,27.41855874,0.635541432,0.317770716
METROPOLITANA DE SANTIAGO,SAN PEDRO,3029,3003,2374,629,16,10,0.991416309,79.05427905,20.94572095,0.528227138,0.330141961
ANTOFAGASTA,SAN PEDRO DE ATACAMA,3337,3309,2911,398,16,12,0.99160923,87.97219704,12.02780296,0.47947258,0.359604435
BIOBÍO,SAN PEDRO DE LA PAZ,49632,49408,36103,13305,159,65,0.995486783,73.07116256,26.92883744,0.320357834,0.130963894
MAULE,SAN RAFAEL,3756,3731,2935,796,14,11,0.993343983,78.6652372,21.3347628,0.372736954,0.29286475
METROPOLITANA DE SANTIAGO,SAN RAMON,45267,44942,38991,5951,227,98,0.992820377,86.75848872,13.24151128,0.501469061,0.216493251
BIOBÍO,SAN ROSENDO,1958,1942,1591,351,12,4,0.991828396,81.92584964,18.07415036,0.612870276,0.204290092
LIB. GRAL. BERNARDO O'HIGGINS,SAN VICENTE,19897,19805,16379,3426,54,38,0.995376187,82.70133805,17.29866195,0.271397698,0.190983565
BIOBÍO,SANTA BARBARA,4654,4603,3257,1346,30,21,0.989041685,70.75820117,29.24179883,0.64460679,0.451224753
LIB. GRAL. BERNARDO O'HIGGINS,SANTA CRUZ,13556,13472,10240,3232,55,29,0.993803482,76.00950119,23.99049881,0.405724402,0.213927412
BIOBÍO,SANTA JUANA,5141,5073,3541,1532,45,23,0.986773001,69.80090676,30.19909324,0.875316086,0.447383777
VALPARAÍSO,SANTA MARIA,6467,6431,5346,1085,28,8,0.994433277,83.12859586,16.87140414,0.432967373,0.123704964
METROPOLITANA DE SANTIAGO,SANTIAGO,149717,149126,119024,30102,404,187,0.996052552,79.81438515,20.18561485,0.269842436,0.124902316
VALPARAÍSO,SANTO DOMINGO,6623,6586,4003,2583,22,15,0.994413408,60.78044336,39.21955664,0.332175751,0.226483467
ANTOFAGASTA,SIERRA GORDA,856,853,749,104,3,0,0.996495327,87.8077374,12.1922626,0.35046729,0
METROPOLITANA DE SANTIAGO,TALAGANTE,34323,34161,27630,6531,110,52,0.995280133,80.88170721,19.11829279,0.320484806,0.151501908
MAULE,TALCA,97136,96573,74985,21588,259,304,0.994204003,77.64592588,22.35407412,0.266636468,0.312963268
BIOBÍO,TALCAHUANO,67865,67522,51933,15589,244,99,0.994945848,76.91270993,23.08729007,0.359537317,0.145877846
ANTOFAGASTA,TALTAL,4665,4637,4072,565,19,9,0.993997856,87.81539789,12.18460211,0.407288317,0.192926045
LA ARAUCANÍA,TEMUCO,117106,116589,78332,38257,351,166,0.995585196,67.18644126,32.81355874,0.299728451,0.141751917
MAULE,TENO,10356,10286,8028,2258,45,25,0.993240633,78.047832,21.952168,0.434530707,0.241405948
LA ARAUCANÍA,TEODORO SCHMIDT,4819,4768,3026,1742,28,23,0.989416891,63.4647651,36.5352349,0.581033409,0.477277443
ATACAMA,TIERRA AMARILLA,5785,5744,5084,660,26,15,0.992912705,88.5097493,11.4902507,0.449438202,0.259291271
METROPOLITANA DE SANTIAGO,TILTIL,8051,8001,6788,1213,37,13,0.993789591,84.83939508,15.16060492,0.45957024,0.161470625
MAGALLANES Y ANTÁRTICA CHILENA,TIMAUKEL,94,93,63,30,1,0,0.989361702,67.74193548,32.25806452,1.063829787,0
BIOBÍO,TIRUA,3097,3037,2100,937,37,23,0.980626413,69.14718472,30.85281528,1.194704553,0.742654181
ANTOFAGASTA,TOCOPILLA,10287,10233,9210,1023,37,17,0.994750656,90.00293169,9.997068308,0.359677263,0.165257121
LA ARAUCANÍA,TOLTEN,3398,3339,2126,1213,30,29,0.982636845,63.67175801,36.32824199,0.882872278,0.853443202
BIOBÍO,TOME,23518,23361,17793,5568,101,56,0.993324262,76.16540388,23.83459612,0.429458287,0.238115486
MAGALLANES Y ANTÁRTICA CHILENA,TORRES DEL PAINE,592,586,472,114,4,2,0.989864865,80.54607509,19.45392491,0.675675676,0.337837838
AYSÉN DEL GRAL. C. IBÁÑEZ DEL CAMPO,TORTEL,207,207,184,23,0,0,1,88.88888889,11.11111111,0,0
LA ARAUCANÍA,TRAIGUEN,6402,6333,4144,2189,34,35,0.989222118,65.4350229,34.5649771,0.531084036,0.546704155
ÑUBLE,TREHUACO,2115,2097,1569,528,9,9,0.991489362,74.8211731,25.1788269,0.425531915,0.425531915
BIOBÍO,TUCAPEL,5255,5206,3939,1267,29,20,0.990675547,75.66269689,24.33730311,0.551855376,0.380589914
LOS RÍOS,VALDIVIA,75152,74775,58608,16167,257,120,0.9949835,78.37913741,21.62086259,0.3419736,0.159676389
ATACAMA,VALLENAR,21075,20948,18485,2463,90,37,0.993973903,88.2423143,11.7576857,0.427046263,0.175563464
VALPARAÍSO,VALPARAISO,148172,147483,122078,25405,490,199,0.995349999,82.77428585,17.22571415,0.330696758,0.134303377
MAULE,VICHUQUEN,2232,2215,1566,649,9,8,0.992383513,70.69977427,29.30022573,0.403225806,0.358422939
LA ARAUCANÍA,VICTORIA,12373,12253,7060,5193,76,44,0.990301463,57.6185424,42.3814576,0.614240685,0.355613028
COQUIMBO,VICUNA,10857,10791,9483,1308,45,21,0.993920973,87.87878788,12.12121212,0.414479138,0.193423598
LA ARAUCANÍA,VILCUN,9119,8993,5971,3022,70,56,0.986182695,66.39608584,33.60391416,0.767628029,0.614102424
MAULE,VILLA ALEGRE,5435,5402,3774,1628,22,11,0.993928243,69.8630137,30.1369863,0.404783809,0.202391904
VALPARAÍSO,VILLA ALEMANA,53381,53163,41109,12054,162,56,0.99591615,77.32633599,22.67366401,0.303478766,0.10490624
LA ARAUCANÍA,VILLARRICA,21744,21621,15087,6534,85,38,0.994343267,69.77938116,30.22061884,0.390912436,0.174760854
VALPARAÍSO,VINA DEL MAR,161073,160185,116872,43313,492,396,0.994486972,72.96063926,27.03936074,0.305451565,0.24585126
METROPOLITANA DE SANTIAGO,VITACURA,60325,60069,19850,40219,162,94,0.99575632,33.0453312,66.9546688,0.268545379,0.155822627
MAULE,YERBAS BUENAS,5606,5556,3881,1675,35,15,0.991080985,69.85241181,30.14758819,0.624331074,0.26757046
BIOBÍO,YUMBEL,7476,7395,5246,2149,56,25,0.989165329,70.93982421,29.06017579,0.74906367,0.334403424
ÑUBLE,YUNGAY,6891,6846,5262,1584,29,16,0.993469743,76.8624014,23.1375986,0.420838775,0.23218691
VALPARAÍSO,ZAPALLAR,4909,4893,3250,1643,13,3,0.99674068,66.42141835,33.57858165,0.264819719,0.061112243
